{
	"schemaVersion": 1,
	"id": "fabric-scheduler",
	"version": "1.1",
	"name": "Fabric Scheduler",
	"description": "A kotlin library that adds scheduler.",
	"authors": [
		"unidok"
	],
	"contact": {
		"sources": "https://github.com/unidok/FabricScheduler",
		"issues": "https://github.com/unidok/FabricScheduler/issues"
	},
	"license": "MIT",
	"environment": "*",
	"depends": {
		"fabricloader": ">=0.15.0",
		"minecraft": ">=1.21",
		"java": ">=21",
		"fabric-api": "*",
		"fabric-language-kotlin": ">=1.12.3+kotlin.2.0.21"
	},
	"entrypoints": {
		"client": [
			"com.unidok.fabricscheduler.Mod"
		]
	},
	"suggests": {
		"another-mod": "*"
	}
}