{
	"schemaVersion": 1,
	"id": "client-command-extensions",
	"version": "1.0",
	"name": "Client Command Extensions",
	"description": "A Kotlin library that adds convenience to creating client commands.",
	"authors": [
		"unidok"
	],
	"contact": {
		"sources": "https://github.com/unidok/ClientCommandExtensions",
		"issues": "https://github.com/unidok/ClientCommandExtensions/issues"
	},
	"license": "MIT",
	"environment": "client",
	"depends": {
		"fabricloader": ">=0.15.0",
		"minecraft": ">=1.20.4",
		"java": ">=17",
		"fabric-api": "*"
	},
	"suggests": {
		"another-mod": "*"
	}
}
